{
    "accuracy": 0.9981,
    "precision": 0.9976023976023976,
    "recall": 0.9986,
    "f1_score": 0.9981009495252374,
    "roc_auc": 0.99993076,
    "fpr": [
        0.0,
        0.0,
        0.0,
        0.0,
        0.0,
        0.0,
        0.0,
        0.0,
        0.0,
        0.0,
        0.0,
        0.0,
        0.0,
        0.0,
        0.0,
        0.0,
        0.0,
        0.0,
        0.0,
        0.0,
        0.0,
        0.0,
        0.0,
        0.0,
        0.0,
        0.0,
        0.0,
        0.0,
        0.0,
        0.0,
        0.0,
        0.0,
        0.0,
        0.0,
        0.0,
        0.0,
        0.0,
        0.0,
        0.0,
        0.0,
        0.0,
        0.0,
        0.0,
        0.0,
        0.0,
        0.0,
        0.0,
        0.0,
        0.0,
        0.0,
        0.0,
        0.0,
        0.0,
        0.0,
        0.0,
        0.0,
        0.0,
        0.0,
        0.0,
        0.0,
        0.0,
        0.0,
        0.0,
        0.0,
        0.0,
        0.0,
        0.0,
        0.0,
        0.0,
        0.0,
        0.0,
        0.0,
        0.0,
        0.0,
        0.0,
        0.0,
        0.0,
        0.0,
        0.0,
        0.0,
        0.0,
        0.0002,
        0.0002,
        0.0004,
        0.0004,
        0.0006,
        0.0006,
        0.0008,
        0.0008,
        0.0008,
        0.001,
        0.001,
        0.0012,
        0.0012,
        0.0014,
        0.0014,
        0.0024,
        0.0024,
        0.0032,
        0.0032,
        0.0038,
        0.0038,
        0.0044,
        0.0044,
        0.0054,
        0.0054,
        0.0122,
        0.0122,
        0.0132,
        0.0136,
        0.0178,
        0.0182,
        0.0204,
        0.0208,
        0.021,
        0.0214,
        0.027,
        0.0274,
        0.0276,
        0.028,
        0.0324,
        0.0328,
        0.0392,
        0.0396,
        0.0482,
        0.0486,
        0.0488,
        0.0492,
        0.0494,
        0.0498,
        0.05,
        0.0504,
        0.0552,
        0.0556,
        0.0592,
        0.0596,
        0.0642,
        0.0646,
        0.0708,
        0.0712,
        0.0742,
        0.0746,
        0.0764,
        0.0764,
        0.088,
        0.0884,
        0.0924,
        0.0928,
        0.0968,
        0.0972,
        0.098,
        0.0984,
        0.0998,
        0.1002,
        0.101,
        0.1014,
        0.1026,
        0.103,
        0.1056,
        0.106,
        0.1094,
        0.1098,
        0.1118,
        0.1122,
        0.1142,
        0.1146,
        0.1164,
        0.1168,
        0.1186,
        0.119,
        0.1262,
        0.1266,
        0.1274,
        0.1282,
        0.133,
        0.1334,
        0.1408,
        0.1412,
        0.1496,
        0.15,
        0.158,
        0.1584,
        0.1614,
        0.1618,
        0.1636,
        0.164,
        0.1696,
        0.17,
        0.1706,
        0.171,
        0.1718,
        0.1722,
        0.1754,
        0.1762,
        0.179,
        0.1798,
        0.1844,
        0.1848,
        0.1868,
        0.1872,
        0.19,
        0.19,
        0.1906,
        0.191,
        0.1912,
        0.1916,
        0.1952,
        0.1956,
        0.201,
        0.2014,
        0.2016,
        0.202,
        0.2024,
        0.2044,
        0.2066,
        0.2074,
        0.2178,
        0.2182,
        0.2186,
        0.219,
        0.2226,
        0.223,
        0.2236,
        0.224,
        0.2248,
        0.2252,
        0.234,
        0.2344,
        0.2426,
        0.243,
        0.2496,
        0.25,
        0.2514,
        0.2518,
        0.2524,
        0.2528,
        0.2564,
        0.2568,
        0.2628,
        0.2634,
        0.2656,
        0.266,
        0.2694,
        0.2698,
        0.273,
        0.2738,
        0.2744,
        0.2748,
        0.2752,
        0.2756,
        0.2768,
        0.2772,
        0.2808,
        0.2812,
        0.2814,
        0.2822,
        0.284,
        0.2844,
        0.2876,
        0.288,
        0.2898,
        0.2902,
        0.2944,
        0.2952,
        0.2988,
        0.2996,
        0.3054,
        0.3058,
        0.3086,
        0.309,
        0.314,
        0.3144,
        0.3244,
        0.3248,
        0.3272,
        0.3276,
        0.3278,
        0.3282,
        0.3284,
        0.3296,
        0.332,
        0.3324,
        0.3352,
        0.3356,
        0.3358,
        0.3362,
        0.3388,
        0.3396,
        0.34,
        0.3404,
        0.342,
        0.3424,
        0.3436,
        0.344,
        0.3454,
        0.3458,
        0.3562,
        0.3566,
        0.3572,
        0.3576,
        0.3578,
        0.3582,
        0.3622,
        0.3628,
        0.3654,
        0.3658,
        0.368,
        0.3684,
        0.369,
        0.3694,
        0.3696,
        0.37,
        0.3708,
        0.3712,
        0.378,
        0.3784,
        0.3822,
        0.3826,
        0.383,
        0.3834,
        0.3968,
        0.3972,
        0.3976,
        0.398,
        0.4008,
        0.4012,
        0.4062,
        0.4066,
        0.407,
        0.4074,
        0.408,
        0.4084,
        0.4086,
        0.409,
        0.4132,
        0.4136,
        0.414,
        0.4144,
        0.416,
        0.4164,
        0.4208,
        0.4212,
        0.4234,
        0.4238,
        0.4246,
        0.425,
        0.4252,
        0.4256,
        0.427,
        0.4274,
        0.4322,
        0.4326,
        0.4352,
        0.4356,
        0.4358,
        0.4362,
        0.4366,
        0.437,
        0.438,
        0.4384,
        0.441,
        0.4418,
        0.4446,
        0.445,
        0.4474,
        0.4478,
        0.448,
        0.4484,
        0.4504,
        0.4508,
        0.4516,
        0.452,
        0.4522,
        0.4526,
        0.453,
        0.4534,
        0.4574,
        0.4578,
        0.4618,
        0.4622,
        0.4646,
        0.465,
        0.4662,
        0.4666,
        0.4676,
        0.4684,
        0.47,
        0.4706,
        0.473,
        0.4734,
        0.48,
        0.4804,
        0.482,
        0.4824,
        0.483,
        0.4834,
        0.4838,
        0.4842,
        0.4882,
        0.4886,
        0.4916,
        0.492,
        0.4926,
        0.493,
        0.4934,
        0.4938,
        0.4982,
        0.4986,
        0.5056,
        0.5064,
        0.5074,
        0.5078,
        0.5086,
        0.509,
        0.5152,
        0.5156,
        0.5192,
        0.5196,
        0.5214,
        0.5218,
        0.5242,
        0.5246,
        0.5262,
        0.5266,
        0.5282,
        0.5286,
        0.5332,
        0.5336,
        0.536,
        0.5364,
        0.5372,
        0.5376,
        0.5388,
        0.5392,
        0.541,
        0.5414,
        0.5422,
        0.5426,
        0.5468,
        0.5472,
        0.548,
        0.5484,
        0.5488,
        0.5492,
        0.5498,
        0.5502,
        0.5546,
        0.555,
        0.5562,
        0.5566,
        0.5636,
        0.564,
        0.5682,
        0.5686,
        0.5688,
        0.5692,
        0.5794,
        0.5798,
        0.5814,
        0.5818,
        0.5838,
        0.5842,
        0.5848,
        0.5852,
        0.5862,
        0.5866,
        0.5884,
        0.5888,
        0.59,
        0.5904,
        0.5954,
        0.5958,
        0.596,
        0.5964,
        0.6088,
        0.6092,
        0.6114,
        0.6118,
        0.614,
        0.6144,
        0.6156,
        0.616,
        0.6286,
        0.629,
        0.6332,
        0.6336,
        0.6406,
        0.641,
        0.6418,
        0.6422,
        0.6426,
        0.643,
        0.644,
        0.6444,
        0.6448,
        0.6452,
        0.647,
        0.6474,
        0.658,
        0.6584,
        0.6618,
        0.6622,
        0.6626,
        0.663,
        0.6636,
        0.664,
        0.6664,
        0.6668,
        0.6686,
        0.669,
        0.6696,
