{
    "accuracy": 0.9975,
    "precision": 0.9968044737367685,
    "recall": 0.9982,
    "f1_score": 0.9975017487758568,
    "roc_auc": 0.99994176,
    "fpr": [
        0.0,
        0.0,
        0.0,
        0.0,
        0.0,
        0.0,
        0.0,
        0.0,
        0.0,
        0.0,
        0.0,
        0.0,
        0.0,
        0.0,
        0.0,
        0.0,
        0.0,
        0.0,
        0.0,
        0.0,
        0.0,
        0.0,
        0.0,
        0.0,
        0.0,
        0.0,
        0.0,
        0.0,
        0.0,
        0.0,
        0.0,
        0.0,
        0.0,
        0.0,
        0.0,
        0.0,
        0.0,
        0.0,
        0.0,
        0.0,
        0.0,
        0.0,
        0.0,
        0.0,
        0.0,
        0.0,
        0.0,
        0.0,
        0.0,
        0.0,
        0.0,
        0.0,
        0.0,
        0.0,
        0.0,
        0.0,
        0.0,
        0.0,
        0.0,
        0.0,
        0.0,
        0.0,
        0.0,
        0.0,
        0.0,
        0.0,
        0.0,
        0.0,
        0.0,
        0.0,
        0.0,
        0.0002,
        0.0002,
        0.0004,
        0.0004,
        0.0006,
        0.0006,
        0.0008,
        0.0008,
        0.001,
        0.001,
        0.0012,
        0.0012,
        0.0014,
        0.0014,
        0.0016,
        0.0016,
        0.0022,
        0.0022,
        0.0024,
        0.0024,
        0.0026,
        0.0026,
        0.0028,
        0.0028,
        0.0032,
        0.0032,
        0.0036,
        0.0036,
        0.0048,
        0.0048,
        0.0052,
        0.0052,
        0.006,
        0.006,
        0.0072,
        0.0072,
        0.0084,
        0.0084,
        0.015,
        0.0154,
        0.0186,
        0.019,
        0.0228,
        0.0232,
        0.0254,
        0.0254,
        0.0282,
        0.0286,
        0.0326,
        0.033,
        0.034,
        0.0348,
        0.0452,
        0.0456,
        0.0478,
        0.0482,
        0.0572,
        0.0576,
        0.065,
        0.0654,
        0.0782,
        0.0786,
        0.0838,
        0.0842,
        0.0938,
        0.0942,
        0.0964,
        0.0968,
        0.0992,
        0.0996,
        0.1028,
        0.1032,
        0.1064,
        0.1068,
        0.1122,
        0.1126,
        0.1202,
        0.1206,
        0.1212,
        0.1216,
        0.123,
        0.123,
        0.1268,
        0.1272,
        0.1322,
        0.1326,
        0.1354,
        0.1358,
        0.1362,
        0.1366,
        0.1378,
        0.1382,
        0.1426,
        0.143,
        0.1432,
        0.1436,
        0.1466,
        0.147,
        0.1496,
        0.15,
        0.1502,
        0.1506,
        0.1526,
        0.1534,
        0.1542,
        0.1546,
        0.157,
        0.1574,
        0.1596,
        0.16,
        0.1612,
        0.1616,
        0.1652,
        0.1656,
        0.172,
        0.1724,
        0.175,
        0.1754,
        0.1808,
        0.1812,
        0.182,
        0.1824,
        0.1826,
        0.183,
        0.1834,
        0.1838,
        0.1844,
        0.1848,
        0.1908,
        0.1916,
        0.1928,
        0.1932,
        0.1956,
        0.1964,
        0.198,
        0.1986,
        0.2,
        0.2012,
        0.2064,
        0.2068,
        0.2126,
        0.213,
        0.214,
        0.2144,
        0.2188,
        0.2196,
        0.2202,
        0.2206,
        0.2222,
        0.2226,
        0.2266,
        0.227,
        0.23,
        0.2304,
        0.2306,
        0.231,
        0.2326,
        0.233,
        0.234,
        0.2344,
        0.2354,
        0.2358,
        0.2382,
        0.2386,
        0.2412,
        0.2416,
        0.242,
        0.2424,
        0.255,
        0.2554,
        0.2578,
        0.2582,
        0.2588,
        0.2592,
        0.2618,
        0.2622,
        0.2642,
        0.2646,
        0.2662,
        0.2666,
        0.268,
        0.2684,
        0.2696,
        0.2704,
        0.2778,
        0.2782,
        0.2802,
        0.2806,
        0.2824,
        0.2828,
        0.2868,
        0.2872,
        0.2888,
        0.2892,
        0.2902,
        0.2906,
        0.2934,
        0.2938,
        0.294,
        0.2944,
        0.2948,
        0.2954,
        0.296,
        0.2964,
        0.2982,
        0.2986,
        0.3018,
        0.3022,
        0.3054,
        0.3058,
        0.306,
        0.3064,
        0.3086,
        0.309,
        0.3134,
        0.3138,
        0.318,
        0.3184,
        0.3196,
        0.32,
        0.3222,
        0.3226,
        0.323,
        0.3234,
        0.3292,
        0.3296,
        0.33,
        0.3304,
        0.3376,
        0.338,
        0.339,
        0.3394,
        0.3396,
        0.34,
        0.3494,
        0.3498,
        0.36,
        0.3604,
        0.3612,
        0.3616,
        0.3644,
        0.365,
        0.3666,
        0.367,
        0.3672,
        0.3676,
        0.3698,
        0.3702,
        0.3708,
        0.3712,
        0.3764,
        0.3768,
        0.377,
        0.3774,
        0.3782,
        0.3786,
        0.3848,
        0.3856,
        0.3902,
        0.3906,
        0.3934,
        0.3938,
        0.395,
        0.3954,
        0.399,
        0.3994,
        0.4008,
        0.4012,
        0.402,
        0.4024,
        0.4102,
        0.4106,
        0.4112,
        0.4116,
        0.4158,
        0.4162,
        0.4164,
        0.4168,
        0.4178,
        0.4182,
        0.42,
        0.4204,
        0.437,
        0.4374,
        0.4396,
        0.44,
        0.4418,
        0.4422,
        0.4454,
        0.4458,
        0.4488,
        0.4492,
        0.4504,
        0.4508,
        0.4514,
        0.4518,
        0.4534,
        0.4538,
        0.4556,
        0.456,
        0.4608,
        0.4612,
        0.4618,
        0.4622,
        0.465,
        0.4654,
        0.467,
        0.4674,
        0.4688,
        0.4692,
        0.479,
        0.4794,
        0.4808,
        0.4812,
        0.4828,
        0.4832,
        0.484,
        0.4844,
        0.493,
        0.4934,
        0.4938,
        0.4942,
        0.4944,
        0.4948,
        0.4984,
        0.4988,
        0.505,
        0.5054,
        0.5072,
        0.5076,
        0.5182,
        0.5186,
        0.5208,
        0.5212,
        0.5222,
        0.5226,
        0.5248,
        0.5252,
        0.5288,
        0.5292,
        0.5334,
        0.5338,
        0.5396,
        0.54,
        0.5406,
        0.541,
        0.5412,
        0.5418,
        0.5522,
        0.5526,
        0.5528,
        0.5532,
        0.5598,
        0.5602,
        0.5614,
        0.5618,
        0.5642,
        0.565,
        0.5684,
        0.5688,
        0.5786,
        0.579,
        0.5828,
        0.5832,
        0.585,
        0.5854,
        0.5972,
        0.5976,
        0.6002,
        0.6006,
        0.6022,
        0.6026,
        0.6036,
        0.604,
        0.6042,
        0.6046,
        0.6138,
        0.6142,
        0.6208,
        0.6212,
        0.6268,
        0.6272,
        0.6316,
        0.632,
        0.633,
        0.6334,
        0.6354,
        0.6358,
        0.636,
        0.6364,
        0.6394,
        0.6398,
        0.6414,
        0.6418,
        0.6444,
        0.6448,
        0.6476,
        0.648,
        0.6488,
        0.6492,
        0.65,
        0.6504,
        0.651,
        0.6514,
        0.656,
        0.6564,
        0.6576,
        0.658,
        0.6678,
        0.6682,
        0.6694,
        0.6702,
        0.6988,
        0.6992,
        0.7112,
        0.7116,
        0.717,
        0.7174,
        0.7186,
        0.719,
        0.7236,
        0.724,
        0.726,
        0.7264,
        0.7272,
        0.7276,
        0.7294,
        0.7298,
        0.73,
        0.7304,
        0.7382,
        0.7386,
        0.74,
        0.7404,
        0.7436,
        0.744,
        0.7524,
        0.7528,
